playerid,name,twit_followers_count,2021-22,followers per dollar,br_name,br_url
2546,Carmelo Anthony,9266281,2641691,3.507708130890403,Carmelo Anthony,https://www.basketball-reference.com/players/a/anthoca01.html
2730,Dwight Howard,6383134,2641691,2.4163060706191604,Dwight Howard,https://www.basketball-reference.com/players/h/howardw01.html
2544,LeBron James,50745912,41180544,1.232278815937934,LeBron James,https://www.basketball-reference.com/players/j/jamesle01.html
202326,DeMarcus Cousins,1250353,1203925,1.0385638640280748,DeMarcus Cousins,https://www.basketball-reference.com/players/c/couside01.html
2738,Andre Iguodala,1326440,2641691,0.5021177722905518,Andre Iguodala,https://www.basketball-reference.com/players/i/iguodan01.html
201142,Kevin Durant,19527561,40918900,0.4772259518217743,Kevin Durant,https://www.basketball-reference.com/players/d/duranke01.html
203083,Andre Drummond,846677,2401537,0.3525563004026171,Andre Drummond,https://www.basketball-reference.com/players/d/drumman01.html
201939,Stephen Curry,15826000,45780966,0.3456895164684817,Stephen Curry,https://www.basketball-reference.com/players/c/curryst01.html
202362,Lance Stephenson,235797,690095,0.3416877386446793,Lance Stephenson,https://www.basketball-reference.com/players/s/stephla01.html
200746,LaMarcus Aldridge,748991,2641691,0.2835271044191012,LaMarcus Aldridge,https://www.basketball-reference.com/players/a/aldrila01.html
101108,Chris Paul,8413220,30800000,0.2731564935064935,Chris Paul,https://www.basketball-reference.com/players/p/paulch01.html
202683,Enes Freedom,595866,2641691,0.2255623386686785,Enes Freedom,https://www.basketball-reference.com/players/k/kanteen01.html
200765,Rajon Rondo,1625940,7500000,0.216792,Rajon Rondo,https://www.basketball-reference.com/players/r/rondora01.html
200752,Rudy Gay,1221248,5890000,0.2073426146010187,Rudy Gay,https://www.basketball-reference.com/players/g/gayru01.html
1630199,Cassius Stanley,49521,256734,0.1928883591577274,Cassius Stanley,https://www.basketball-reference.com/players/s/stanlca01.html
201565,Derrick Rose,2532308,13445120,0.1883440237052551,Derrick Rose,https://www.basketball-reference.com/players/r/rosede01.html
1629033,Theo Pinson,80577,440710,0.182834517029339,Theo Pinson,https://www.basketball-reference.com/players/p/pinsoth01.html
201935,James Harden,7373953,44310840,0.1664142002273033,James Harden,https://www.basketball-reference.com/players/h/hardeja01.html
201937,Ricky Rubio,2877519,17800000,0.1616583707865168,Ricky Rubio,https://www.basketball-reference.com/players/r/rubiori01.html
1629630,Ja Morant,1537673,9603360,0.1601182294530247,Ja Morant,https://www.basketball-reference.com/players/m/moranja01.html
1630536,Sharife Cooper,74051,462629,0.1600656249392061,Sharife Cooper,https://www.basketball-reference.com/players/c/coopesh01.html
1629027,Trae Young,1293651,8326471,0.1553660608437836,Trae Young,https://www.basketball-reference.com/players/y/youngtr01.html
201566,Russell Westbrook,6839765,44211146,0.1547068017644238,Russell Westbrook,https://www.basketball-reference.com/players/w/westbru01.html
2617,Udonis Haslem,401122,2641691,0.1518428915418192,Udonis Haslem,https://www.basketball-reference.com/players/h/hasleud01.html
1629029,Luka Doncic,1428077,10174391,0.1403599488165925,Luka Doncic,https://www.basketball-reference.com/players/d/doncilu01.html
201933,Blake Griffin,4477345,32405817,0.1381648547851763,Blake Griffin,https://www.basketball-reference.com/players/g/griffbl01.html
203506,Victor Oladipo,320652,2389641,0.1341841724342694,Victor Oladipo,https://www.basketball-reference.com/players/o/oladivi01.html
202083,Wesley Matthews,248746,1958495,0.1270087490649708,Wesley Matthews,https://www.basketball-reference.com/players/m/matthwe02.html
202681,Kyrie Irving,4385593,35053700,0.1251107015807175,Kyrie Irving,https://www.basketball-reference.com/players/i/irvinky01.html
1630267,Facundo Campazzo,394311,3200000,0.1232221875,Facundo Campazzo,https://www.basketball-reference.com/players/c/campafa01.html
203085,Austin Rivers,288147,2401537,0.119984409984106,Austin Rivers,https://www.basketball-reference.com/players/r/riverau01.html
1630163,LaMelo Ball,986673,8231760,0.1198617306627015,LaMelo Ball,https://www.basketball-reference.com/players/b/ballla01.html
201599,DeAndre Jordan,1155837,10517224,0.109899437342021,DeAndre Jordan,https://www.basketball-reference.com/players/j/jordade01.html
1629139,Yuta Watanabe,188091,1762796,0.1067003782627144,Yuta Watanabe,https://www.basketball-reference.com/players/w/watanyu01.html
1629657,Kyle Guy,45128,425198,0.1061340834152559,Kyle Guy,https://www.basketball-reference.com/players/g/guyky01.html
1628372,Dennis Smith Jr,182946,1789256,0.1022469674546291,Dennis Smith Jr.,https://www.basketball-reference.com/players/s/smithde03.html
201567,Kevin Love,3181789,31258256,0.1017903558023198,Kevin Love,https://www.basketball-reference.com/players/l/loveke01.html
1626163,Frank Kaminsky,211534,2089448,0.1012391789601847,Frank Kaminsky,https://www.basketball-reference.com/players/k/kaminfr01.html
201586,Serge Ibaka,909519,9720900,0.0935632503163287,Serge Ibaka,https://www.basketball-reference.com/players/i/ibakase01.html
1630216,Cassius Winston,42447,462629,0.0917517060106478,Cassius Winston,https://www.basketball-reference.com/players/w/winstca01.html
1629117,Wenyen Gabriel,36358,397520,0.0914620648017709,Wenyen Gabriel,https://www.basketball-reference.com/players/g/gabriwe01.html
1628398,Kyle Kuzma,1127123,13000000,0.0867017692307692,Kyle Kuzma,https://www.basketball-reference.com/players/k/kuzmaky01.html
201587,Nicolas Batum,1016936,12026998,0.0845544332841828,Nicolas Batum,https://www.basketball-reference.com/players/b/batumni01.html
1628370,Malik Monk,149697,1789256,0.0836643834085228,Malik Monk,https://www.basketball-reference.com/players/m/monkma01.html
1629639,Tyler Herro,332786,4004280,0.0831075748948625,Tyler Herro,https://www.basketball-reference.com/players/h/herroty01.html
1627780,Gary Payton II,126750,1669178,0.0759355802676527,Gary Payton II,https://www.basketball-reference.com/players/p/paytoga01.html
203081,Damian Lillard,2950145,39344900,0.0749816367559709,Damian Lillard,https://www.basketball-reference.com/players/l/lillada01.html
202355,Hassan Whiteside,178881,2401537,0.0744860478934948,Hassan Whiteside,https://www.basketball-reference.com/players/w/whiteha01.html
201580,JaVale McGee,365149,5000000,0.0730298,JaVale McGee,https://www.basketball-reference.com/players/m/mcgeeja01.html
1629674,Neemias Queta,33689,462629,0.0728207699906404,Neemias Queta,https://www.basketball-reference.com/players/q/quetane01.html
201988,Patty Mills,422879,5890000,0.0717960950764006,Patty Mills,https://www.basketball-reference.com/players/m/millspa02.html
1628366,Lonzo Ball,1297437,18604651,0.0697372393602008,Lonzo Ball,https://www.basketball-reference.com/players/b/balllo01.html
1629678,Admiral Schofield,49803,723741,0.068813290942478,Admiral Schofield,https://www.basketball-reference.com/players/s/schofad01.html
202684,Tristan Thompson,661486,9720900,0.0680478145027723,Tristan Thompson,https://www.basketball-reference.com/players/t/thomptr01.html
203110,Draymond Green,1616732,24026712,0.0672889407422871,Draymond Green,https://www.basketball-reference.com/players/g/greendr01.html
201959,Taj Gibson,323245,4910000,0.0658340122199592,Taj Gibson,https://www.basketball-reference.com/players/g/gibsota01.html
1630245,Ayo Dosunmu,60263,925258,0.0651310229146897,Ayo Dosunmu,https://www.basketball-reference.com/players/d/dosunay01.html
1628960,Grayson Allen,257488,4054695,0.0635036667369555,Grayson Allen,https://www.basketball-reference.com/players/a/allengr01.html
201980,Danny Green,634863,10000000,0.0634863,Danny Green,https://www.basketball-reference.com/players/g/greenda02.html
203076,Anthony Davis,2184592,35361360,0.061779071845653,Anthony Davis,https://www.basketball-reference.com/players/d/davisan02.html
202331,Paul George,2401180,39344970,0.0610288939094374,Paul George,https://www.basketball-reference.com/players/g/georgpa01.html
203954,Joel Embiid,1919448,31579390,0.0607816680436195,Joel Embiid,https://www.basketball-reference.com/players/e/embiijo01.html
203469,Cody Zeller,142892,2389641,0.059796429672909,Cody Zeller,https://www.basketball-reference.com/players/z/zelleco01.html
101150,Lou Williams,298622,5000000,0.0597244,Lou Williams,https://www.basketball-reference.com/players/w/willilo02.html
1629603,Mamadi Diakite,14603,256734,0.0568798834591444,Mamadi Diakite,https://www.basketball-reference.com/players/d/diakima01.html
203507,Giannis Antetokounmpo,2109122,39344900,0.0536059819697089,Giannis Antetokounmpo,https://www.basketball-reference.com/players/a/antetgi01.html
1630222,Mason Jones,15705,295125,0.0532147395171537,Mason Jones,https://www.basketball-reference.com/players/j/jonesma05.html
1629649,Ignas Brazdeikis,23665,462629,0.0511532999444479,Ignas Brazdeikis,https://www.basketball-reference.com/players/b/brazdig01.html
203504,Trey Burke,161022,3150000,0.0511180952380952,Trey Burke,https://www.basketball-reference.com/players/b/burketr01.html
1629308,Juan Toscano-Anderson,83181,1701593,0.0488841926359593,Juan Toscano-Anderson,https://www.basketball-reference.com/players/t/toscaju01.html
1628373,Frank Ntilikina,86312,1789256,0.0482390446084853,Frank Ntilikina,https://www.basketball-reference.com/players/n/ntilila01.html
203648,Thanasis Antetokounmpo,82770,1729217,0.0478655946593169,Thanasis Antetokounmpo,https://www.basketball-reference.com/players/a/antetth01.html
1626224,Cedi Osman,367499,8133334,0.0451842995750574,Cedi Osman,https://www.basketball-reference.com/players/o/osmande01.html
1629627,Zion Williamson,474397,10733400,0.0441982037378649,Zion Williamson,https://www.basketball-reference.com/players/w/willizi01.html
1629060,Rui Hachimura,215219,4916160,0.0437778672785263,Rui Hachimura,https://www.basketball-reference.com/players/h/hachiru01.html
201588,George Hill,230279,5275491,0.0436507236956711,George Hill,https://www.basketball-reference.com/players/h/hillge01.html
202691,Klay Thompson,1642064,37980720,0.0432341461667919,Klay Thompson,https://www.basketball-reference.com/players/t/thompkl01.html
202322,John Wall,1908967,44310840,0.0430812640879748,John Wall,https://www.basketball-reference.com/players/w/walljo01.html
1629623,Lindell Wigginton,10028,233973,0.0428596461984929,Lindell Wigginton,https://www.basketball-reference.com/players/w/wiggili01.html
203463,Ben McLemore,102116,2389641,0.0427327786893512,Ben McLemore,https://www.basketball-reference.com/players/m/mclembe01.html
1630528,Josh Christopher,96339,2259240,0.0426422159664311,Josh Christopher,https://www.basketball-reference.com/players/c/chrisjo01.html
1626169,Stanley Johnson,58171,1368998,0.0424916617847506,Stanley Johnson,https://www.basketball-reference.com/players/j/johnsst04.html
1626168,Trey Lyles,105545,2500000,0.042218,Trey Lyles,https://www.basketball-reference.com/players/l/lylestr01.html
1628404,Josh Hart,498861,12000000,0.04157175,Josh Hart,https://www.basketball-reference.com/players/h/hartjo01.html
1627936,Alex Caruso,356924,8600000,0.0415027906976744,Alex Caruso,https://www.basketball-reference.com/players/c/carusal01.html
203552,Seth Curry,339693,8207518,0.0413880298526302,Seth Curry,https://www.basketball-reference.com/players/c/curryse01.html
1628378,Donovan Mitchell,1143926,28103500,0.0407040404220114,Donovan Mitchell,https://www.basketball-reference.com/players/m/mitchdo01.html
1630193,Immanuel Quickley,86023,2210640,0.0389131654181594,Immanuel Quickley,https://www.basketball-reference.com/players/q/quickim01.html
1630568,Luka Garza,35809,925258,0.0387016378134531,Luka Garza,https://www.basketball-reference.com/players/g/garzalu01.html
203487,Michael Carter-Williams,127011,3300000,0.0384881818181818,Michael Carter-Williams,https://www.basketball-reference.com/players/c/cartemi01.html
1629626,Bol Bol,83057,2161152,0.0384318178452973,Bol Bol,https://www.basketball-reference.com/players/b/bolbo01.html
1629164,Brandon Goodwin,13194,343988,0.0383559891624126,Brandon Goodwin,https://www.basketball-reference.com/players/g/goodwbr01.html
203903,Jordan Clarkson,456598,12420000,0.0367631239935587,Jordan Clarkson,https://www.basketball-reference.com/players/c/clarkjo01.html
202693,Markieff Morris,96406,2641691,0.0364940486983526,Markieff Morris,https://www.basketball-reference.com/players/m/morrima02.html
202687,Bismack Biyombo,55217,1518213,0.0363697320468208,Bismack Biyombo,https://www.basketball-reference.com/players/b/biyombi01.html
1629021,Moritz Wagner,62035,1729217,0.03587461839665,Moritz Wagner,https://www.basketball-reference.com/players/w/wagnemo01.html
201145,Jeff Green,155764,4500000,0.0346142222222222,Jeff Green,https://www.basketball-reference.com/players/g/greenje02.html
1626164,Devin Booker,1089895,31650600,0.0344352081793078,Devin Booker,https://www.basketball-reference.com/players/b/bookede01.html
1630570,Trendon Watford,15804,462629,0.0341612825828039,Trendon Watford,https://www.basketball-reference.com/players/w/watfotr01.html
200768,Kyle Lowry,920819,26984128,0.0341244675388435,Kyle Lowry,https://www.basketball-reference.com/players/l/lowryky01.html
201568,Danilo Gallinari,691244,20475000,0.0337603907203907,Danilo Gallinari,https://www.basketball-reference.com/players/g/gallida01.html
1626171,Bobby Portis,146303,4347600,0.0336514398748734,Bobby Portis,https://www.basketball-reference.com/players/p/portibo01.html
1626195,Willy Hernangomez,78257,2327220,0.0336268165450623,Willy Hernangomez,https://www.basketball-reference.com/players/h/hernawi01.html
1629076,Tyler Cook,15540,462629,0.033590630937533,Tyler Cook,https://www.basketball-reference.com/players/c/cookty01.html
1629683,Quinndary Weatherspoon,11516,346491,0.0332360725098198,Quinndary Weatherspoon,https://www.basketball-reference.com/players/w/weathqu01.html
201577,Robin Lopez,163745,5000000,0.032749,Robin Lopez,https://www.basketball-reference.com/players/l/lopezro01.html
203145,Kent Bazemore,78490,2401537,0.032683235777754,Kent Bazemore,https://www.basketball-reference.com/players/b/bazemke01.html
1630527,Brandon Boston Jr,29890,925258,0.0323045031764113,Brandon Boston Jr.,https://www.basketball-reference.com/players/b/bostobr01.html
1630181,RJ Hampton,73080,2303040,0.0317319716548561,R.J. Hampton,https://www.basketball-reference.com/players/h/hamptrj01.html
1629680,Matisse Thybulle,89661,2840160,0.031568996112895,Matisse Thybulle,https://www.basketball-reference.com/players/t/thybuma01.html
1628369,Jayson Tatum,878963,28103500,0.0312759264860248,Jayson Tatum,https://www.basketball-reference.com/players/t/tatumja01.html
1626159,Justise Winslow,121376,3902439,0.0311026001943912,Justise Winslow,https://www.basketball-reference.com/players/w/winslju01.html
1627732,Ben Simmons,1026080,33003936,0.0310896251889471,Ben Simmons,https://www.basketball-reference.com/players/s/simmobe01.html
1629011,Mitchell Robinson,55983,1802057,0.0310661649437281,Mitchell Robinson,https://www.basketball-reference.com/players/r/robinmi01.html
1626246,Boban Marjanovic,108401,3500000,0.0309717142857142,Boban Marjanovic,https://www.basketball-reference.com/players/m/marjabo01.html
1630178,Tyrese Maxey,79817,2602920,0.0306644076652375,Tyrese Maxey,https://www.basketball-reference.com/players/m/maxeyty01.html
1629185,Chris Chiozza,14127,462629,0.0305363476997767,Chris Chiozza,https://www.basketball-reference.com/players/c/chiozch01.html
1630792,Malcolm Hill,9695,324373,0.0298884309113273,Malcolm Hill,https://www.basketball-reference.com/players/h/hillma01.html
1628997,Caleb Martin,13762,462629,0.0297473785690045,Caleb Martin,https://www.basketball-reference.com/players/m/martica02.html
1628970,Miles Bridges,160834,5421493,0.0296659979086941,Miles Bridges,https://www.basketball-reference.com/players/b/bridgmi02.html
203901,Elfrid Payton,66291,2239544,0.0296002221880882,Elfrid Payton,https://www.basketball-reference.com/players/p/paytoel01.html
203084,Harrison Barnes,592490,20284091,0.0292095909055032,Harrison Barnes,https://www.basketball-reference.com/players/b/barneha02.html
1629672,Eric Paschall,51769,1782621,0.0290409458881052,Eric Paschall,https://www.basketball-reference.com/players/p/pascher01.html
200794,Paul Millsap,73859,2641691,0.0279589853620275,Paul Millsap,https://www.basketball-reference.com/players/m/millspa01.html
1630208,Nick Richards,42271,1517981,0.0278468571082246,Nick Richards,https://www.basketball-reference.com/players/r/richani01.html
1629684,Grant Williams,71673,2617800,0.0273790969516387,Grant Williams,https://www.basketball-reference.com/players/w/willigr01.html
1630580,Joe Wieskamp,12613,462629,0.0272637469765189,Joe Wieskamp,https://www.basketball-reference.com/players/w/wieskjo01.html
201942,DeMar DeRozan,706849,26000000,0.0271865,DeMar DeRozan,https://www.basketball-reference.com/players/d/derozde01.html
1628973,Jalen Brunson,48958,1802057,0.0271678420826866,Jalen Brunson,https://www.basketball-reference.com/players/b/brunsja01.html
2772,Trevor Ariza,71461,2641691,0.0270512334712879,Trevor Ariza,https://www.basketball-reference.com/players/a/arizatr01.html
1629004,Svi Mykhailiuk,46777,1729217,0.0270509716247295,Svi Mykhailiuk,https://www.basketball-reference.com/players/m/mykhasv01.html
1630582,Yves Pons,12488,462629,0.0269935520687202,Yves Pons,https://www.basketball-reference.com/players/p/ponsyv01.html
203897,Zach LaVine,522082,19500000,0.0267734358974358,Zach LaVine,https://www.basketball-reference.com/players/l/lavinza01.html
1627737,Marquese Chriss,34052,1292900,0.0263376904632995,Marquese Chriss,https://www.basketball-reference.com/players/c/chrisma01.html
1627777,Georges Niang,84528,3300000,0.0256145454545454,Georges Niang,https://www.basketball-reference.com/players/n/niangge01.html
201144,Mike Conley,535854,21000000,0.0255168571428571,Mike Conley,https://www.basketball-reference.com/players/c/conlemi01.html
203457,Nerlens Noel,220615,8800000,0.0250698863636363,Nerlens Noel,https://www.basketball-reference.com/players/n/noelne01.html
1630210,Markus Howard,11098,462629,0.0239889846939988,Markus Howard,https://www.basketball-reference.com/players/h/howarma02.html
1630688,Ish Wainright,16934,707311,0.0239413779794178,Ish Wainright,https://www.basketball-reference.com/players/w/wainris01.html
1630535,Greg Brown III,22016,925258,0.0237944443603838,Greg Brown III,https://www.basketball-reference.com/players/b/browngr01.html
203935,Marcus Smart,339466,14339285,0.0236738442676883,Marcus Smart,https://www.basketball-reference.com/players/s/smartma01.html
1630575,Scottie Lewis,10906,462629,0.02357396531562,Scottie Lewis,https://www.basketball-reference.com/players/l/lewissc01.html
1630175,Cole Anthony,80763,3449400,0.0234136371542877,Cole Anthony,https://www.basketball-reference.com/players/a/anthoco01.html
1630540,Miles McBride,21589,925258,0.0233329514578636,Miles McBride,https://www.basketball-reference.com/players/m/mcbrimi01.html
1629023,PJ Washington,96357,4215120,0.0228598474064795,P.J. Washington,https://www.basketball-reference.com/players/w/washipj01.html
1629628,RJ Barrett,197038,8623920,0.0228478464549763,RJ Barrett,https://www.basketball-reference.com/players/b/barrerj01.html
202334,Ed Davis,59773,2641691,0.0226267947311021,Ed Davis,https://www.basketball-reference.com/players/d/davised01.html
1629719,Devontae Cacok,10255,462629,0.0221667902358045,Devontae Cacok,https://www.basketball-reference.com/players/c/cacokde01.html
202710,Jimmy Butler,795925,36016200,0.0220990831903421,Jimmy Butler,https://www.basketball-reference.com/players/b/butleji01.html
1627788,Furkan Korkmaz,101875,4629630,0.0220049982396001,Furkan Korkmaz,https://www.basketball-reference.com/players/k/korkmfu01.html
202330,Gordon Hayward,657341,29925000,0.0219662823725981,Gordon Hayward,https://www.basketball-reference.com/players/h/haywago01.html
203944,Julius Randle,476792,21780000,0.0218912764003673,Julius Randle,https://www.basketball-reference.com/players/r/randlju01.html
1628983,Shai Gilgeous-Alexander,119944,5495532,0.0218257304297381,Shai Gilgeous-Alexander,https://www.basketball-reference.com/players/g/gilgesh01.html
1629735,Chris Silva,10457,479650,0.0218013134577295,Chris Silva,https://www.basketball-reference.com/players/s/silvach01.html
1627814,Damion Lee,40567,1910860,0.0212297080895513,Damion Lee,https://www.basketball-reference.com/players/l/leeda03.html
203918,Rodney Hood,47341,2239544,0.0211386782309255,Rodney Hood,https://www.basketball-reference.com/players/h/hoodro01.html
1629599,Amir Coffey,9774,462629,0.0211270802305951,Amir Coffey,https://www.basketball-reference.com/players/c/coffeam01.html
1626156,DAngelo Russell,629857,30013500,0.0209857897279557,D'Angelo Russell,https://www.basketball-reference.com/players/r/russeda01.html
1629744,Matt Thomas,34934,1669178,0.0209288643871414,Matt Thomas,https://www.basketball-reference.com/players/t/thomama02.html
1630525,David Johnson,9476,462629,0.020482935570403,David Johnson,https://www.basketball-reference.com/players/j/johnsda08.html
1626157,Karl-Anthony Towns,647106,31650600,0.0204452996151731,Karl-Anthony Towns,https://www.basketball-reference.com/players/t/townska01.html
202357,Nemanja Bjelica,42663,2089448,0.0204183114391935,Nemanja Bjelica,https://www.basketball-reference.com/players/b/bjeline01.html
203109,Jae Crowder,197431,9720900,0.0203099507247271,Jae Crowder,https://www.basketball-reference.com/players/c/crowdja01.html
1630202,Payton Pritchard,43151,2137440,0.0201881690246275,Payton Pritchard,https://www.basketball-reference.com/players/p/pritcpa01.html
1629670,Jordan Nwora,30465,1517981,0.0200694211587628,Jordan Nwora,https://www.basketball-reference.com/players/n/nworajo01.html
1630593,McKinley Wright IV,9246,462629,0.0199857769400534,McKinley Wright IV,https://www.basketball-reference.com/players/w/wrighmc01.html
203078,Bradley Beal,669627,33724200,0.019855978792677,Bradley Beal,https://www.basketball-reference.com/players/b/bealbr01.html
201961,Wayne Ellington,51454,2641691,0.0194776754737779,Wayne Ellington,https://www.basketball-reference.com/players/e/ellinwa01.html
1628400,Semi Ojeleye,34436,1789256,0.0192459882766915,Semi Ojeleye,https://www.basketball-reference.com/players/o/ojelese01.html
201609,Goran Dragic,373217,19440000,0.0191984053497942,Goran Dragic,https://www.basketball-reference.com/players/d/dragigo01.html
1630224,Jalen Green,170837,8992080,0.0189986076636328,Jalen Green,https://www.basketball-reference.com/players/g/greenja05.html
201976,Patrick Beverley,271487,14320987,0.0189572827627034,Patrick Beverley,https://www.basketball-reference.com/players/b/beverpa01.html
1630555,Joel Ayayi,8713,462629,0.0188336658531998,Joel Ayayi,https://www.basketball-reference.com/players/a/ayayijo01.html
1626145,Tyus Jones,157482,8376286,0.0188009339700196,Tyus Jones,https://www.basketball-reference.com/players/j/jonesty01.html
1630573,Sam Hauser,8640,462629,0.0186758720270454,Sam Hauser,https://www.basketball-reference.com/players/h/hausesa01.html
1630698,Kevin Pangos,31107,1669178,0.0186361190957465,Kevin Pangos,https://www.basketball-reference.com/players/p/pangoke01.html
203095,Evan Fournier,319349,17142857,0.0186286918219057,Evan Fournier,https://www.basketball-reference.com/players/f/fournev01.html
203468,CJ McCollum,571537,30864198,0.0185177985185294,CJ McCollum,https://www.basketball-reference.com/players/m/mccolcj01.html
1630206,Jay Scrubb,8541,462629,0.0184618776600688,Jay Scrubb,https://www.basketball-reference.com/players/s/scrubja01.html
1629652,Luguentz Dort,32884,1782621,0.0184469946219639,Luguentz Dort,https://www.basketball-reference.com/players/d/dortlu01.html
1629642,Nassir Little,42571,2316240,0.018379356197976,Nassir Little,https://www.basketball-reference.com/players/l/littlna01.html
1627759,Jaylen Brown,489709,26758928,0.018300770494244,Jaylen Brown,https://www.basketball-reference.com/players/b/brownja02.html
1630561,David Duke Jr,8451,462629,0.0182673373264538,David Duke Jr.,https://www.basketball-reference.com/players/d/dukeda01.html
1629629,Cam Reddish,84824,4670160,0.0181629751443205,Cam Reddish,https://www.basketball-reference.com/players/r/reddica01.html
1628991,Jaren Jackson Jr,163581,9180560,0.0178181940970921,Jaren Jackson Jr.,https://www.basketball-reference.com/players/j/jacksja02.html
1630200,Tre Jones,26130,1517981,0.0172136541893475,Tre Jones,https://www.basketball-reference.com/players/j/jonestr01.html
203497,Rudy Gobert,574767,34844000,0.0164954368040408,Rudy Gobert,https://www.basketball-reference.com/players/g/goberru01.html
203952,Andrew Wiggins,520428,31579390,0.0164799890054874,Andrew Wiggins,https://www.basketball-reference.com/players/w/wiggian01.html
204060,Joe Ingles,214318,13036364,0.0164400134884236,Joe Ingles,https://www.basketball-reference.com/players/i/inglejo01.html
1630554,Jason Preston,17447,1062303,0.0164237510390161,Jason Preston,https://www.basketball-reference.com/players/p/prestja01.html
203082,Terrence Ross,204055,12500000,0.0163244,Terrence Ross,https://www.basketball-reference.com/players/r/rosste01.html
1630578,Alperen Sengun,51526,3214680,0.0160283449674617,Alperen Sengun,https://www.basketball-reference.com/players/s/sengual01.html
1630235,Trent Forrest,7414,462629,0.0160258003713558,Trent Forrest,https://www.basketball-reference.com/players/f/forretr01.html
1626149,Montrezl Harrell,154921,9720900,0.0159368988468145,Montrezl Harrell,https://www.basketball-reference.com/players/h/harremo01.html
203992,Bogdan Bogdanovic,284288,18000000,0.0157937777777777,Bogdan Bogdanovic,https://www.basketball-reference.com/players/b/bogdabo01.html
1630572,Sandro Mamukelashvili,7303,462629,0.0157858672932306,Sandro Mamukelashvili,https://www.basketball-reference.com/players/m/mamuksa01.html
203476,Gorgui Dieng,61956,4000000,0.015489,Gorgui Dieng,https://www.basketball-reference.com/players/d/dienggo01.html
202324,Derrick Favors,148837,9720900,0.0153110308716271,Derrick Favors,https://www.basketball-reference.com/players/f/favorde01.html
1629641,Romeo Langford,57879,3804360,0.0152138598870769,Romeo Langford,https://www.basketball-reference.com/players/l/langfro01.html
1630631,Jose Alvarado,6952,462629,0.0150271599921319,Jose Alvarado,https://www.basketball-reference.com/players/a/alvarjo01.html
1628035,Alfonzo McKinnie,19379,1295669,0.0149567520717096,Alfonzo McKinnie,https://www.basketball-reference.com/players/m/mckinal01.html
1627826,Ivica Zubac,112447,7518518,0.014956005957557,Ivica Zubac,https://www.basketball-reference.com/players/z/zubaciv01.html
1628995,Kevin Knox II,86827,5845978,0.0148524335876734,Kevin Knox II,https://www.basketball-reference.com/players/k/knoxke01.html
1629022,Lonnie Walker IV,65162,4453617,0.0146312536529297,Lonnie Walker IV,https://www.basketball-reference.com/players/w/walkelo01.html
202709,Cory Joseph,106505,7310000,0.0145697674418604,Cory Joseph,https://www.basketball-reference.com/players/j/josepco01.html
1630176,Vernon Carey Jr,21964,1517981,0.0144692193117041,Vernon Carey Jr.,https://www.basketball-reference.com/players/c/careyve01.html
1630215,Jared Butler,13346,925258,0.0144240849579252,Jared Butler,https://www.basketball-reference.com/players/b/butleja02.html
1626208,Keifer Sykes,7961,558345,0.0142582095299501,Keifer Sykes,https://www.basketball-reference.com/players/s/sykeske01.html
1628365,Markelle Fultz,235150,16500000,0.0142515151515151,Markelle Fultz,https://www.basketball-reference.com/players/f/fultzma01.html
1629003,Shake Milton,26077,1846738,0.0141205736818108,Shake Milton,https://www.basketball-reference.com/players/m/miltosh01.html
1630214,Xavier Tillman,21371,1517981,0.0140785688358418,Xavier Tillman,https://www.basketball-reference.com/players/t/tillmxa01.html
1629656,Quentin Grimes,30403,2168640,0.0140193854212778,Quentin Grimes,https://www.basketball-reference.com/players/g/grimequ01.html
1626192,Pat Connaughton,74709,5333334,0.014007935749008,Pat Connaughton,https://www.basketball-reference.com/players/c/connapa01.html
1629109,Gary Clark,11346,811213,0.0139864622485093,Gary Clark,https://www.basketball-reference.com/players/c/clarkga01.html
1630169,Tyrese Haliburton,55682,4023600,0.0138388507803956,Tyrese Haliburton,https://www.basketball-reference.com/players/h/halibty01.html
1630598,Aaron Wiggins,6308,462629,0.013635115827153,Aaron Wiggins,https://www.basketball-reference.com/players/w/wiggiaa01.html
1629750,Javonte Green,22720,1669178,0.0136114902065567,Javonte Green,https://www.basketball-reference.com/players/g/greenja02.html
1630194,Paul Reed,20610,1517981,0.0135772450379813,Paul Reed,https://www.basketball-reference.com/players/r/reedpa01.html
202689,Kemba Walker,467832,34967442,0.0133790741684793,Kemba Walker,https://www.basketball-reference.com/players/w/walkeke02.html
201143,Al Horford,355115,27000000,0.0131524074074074,Al Horford,https://www.basketball-reference.com/players/h/horfoal01.html
1629611,Terance Mann,23411,1782621,0.0131329093508939,Terance Mann,https://www.basketball-reference.com/players/m/mannte01.html
1629655,Daniel Gafford,23382,1782621,0.0131166411705011,Daniel Gafford,https://www.basketball-reference.com/players/g/gaffoda01.html
202339,Eric Bledsoe,235905,18125000,0.013015448275862,Eric Bledsoe,https://www.basketball-reference.com/players/b/bledser01.html
1630198,Isaiah Joe,19629,1517981,0.0129309918898853,Isaiah Joe,https://www.basketball-reference.com/players/j/joeis01.html
1628977,Hamidou Diallo,67222,5200000,0.0129273076923076,Hamidou Diallo,https://www.basketball-reference.com/players/d/diallha01.html
1627789,Timothe Luwawu-Cabarrot,24870,1939350,0.0128238842911284,Timothe Luwawu-Cabarrot,https://www.basketball-reference.com/players/l/luwawti01.html
1629663,Louis King,5932,462629,0.0128223695444946,Louis King,https://www.basketball-reference.com/players/k/kinglo02.html
1628981,Bruno Fernando,22845,1782621,0.0128153993473654,Bruno Fernando,https://www.basketball-reference.com/players/f/fernabr01.html
1629712,Didi Louzada,22876,1786878,0.012802217051192,Didi Louzada,https://www.basketball-reference.com/players/l/louzama01.html
1629057,Robert Williams III,46791,3661976,0.0127775277609683,Robert Williams III,https://www.basketball-reference.com/players/w/williro04.html
202734,ETwaun Moore,33606,2641691,0.0127213970142609,E'Twaun Moore,https://www.basketball-reference.com/players/m/mooreet01.html
202685,Jonas Valanciunas,176521,14000000,0.0126086428571428,Jonas Valanciunas,https://www.basketball-reference.com/players/v/valanjo01.html
203500,Steven Adams,214597,17073171,0.012569252659626,Steven Adams,https://www.basketball-reference.com/players/a/adamsst01.html
1629020,Jarred Vanderbilt,50888,4050000,0.0125649382716049,Jarred Vanderbilt,https://www.basketball-reference.com/players/v/vandeja01.html
201569,Eric Gordon,225392,18218818,0.0123713843565482,Eric Gordon,https://www.basketball-reference.com/players/g/gordoer01.html
1627745,Damian Jones,24349,1977011,0.0123160670325051,Damian Jones,https://www.basketball-reference.com/players/j/jonesda03.html
1628396,Tony Bradley,21710,1789256,0.0121335348323549,Tony Bradley,https://www.basketball-reference.com/players/b/bradlto01.html
202695,Kawhi Leonard,475867,39344900,0.0120947568808155,Kawhi Leonard,https://www.basketball-reference.com/players/l/leonaka01.html
203932,Aaron Gordon,198025,16409091,0.0120680054733074,Aaron Gordon,https://www.basketball-reference.com/players/g/gordoaa01.html
203090,Maurice Harkless,51717,4347600,0.0118955285674855,Maurice Harkless,https://www.basketball-reference.com/players/h/harklma01.html
204001,Kristaps Porzingis,374353,31650600,0.011827674672834,Kristaps Porzingis,https://www.basketball-reference.com/players/p/porzikr01.html
1626162,Kelly Oubre Jr,141521,12000000,0.0117934166666666,Kelly Oubre Jr.,https://www.basketball-reference.com/players/o/oubreke01.html
203526,Raul Neto,24542,2089448,0.0117456859419329,Raul Neto,https://www.basketball-reference.com/players/n/netora01.html
1629111,Jock Landale,10811,925258,0.0116843085928465,Jock Landale,https://www.basketball-reference.com/players/l/landajo01.html
1627742,Brandon Ingram,342175,29467800,0.0116118271469196,Brandon Ingram,https://www.basketball-reference.com/players/i/ingrabr01.html
1628367,Josh Jackson,57947,5005350,0.0115770125965217,Josh Jackson,https://www.basketball-reference.com/players/j/jacksjo02.html
1629632,Coby White,67348,5837760,0.01153661678452,Coby White,https://www.basketball-reference.com/players/w/whiteco01.html
1630256,JaeSean Tate,17387,1517981,0.0114540300570297,Jae'Sean Tate,https://www.basketball-reference.com/players/t/tateja01.html
1630587,Isaiah Livers,12020,1057260,0.0113690104610029,Isaiah Livers,https://www.basketball-reference.com/players/l/liveris01.html
1630538,Bones Hyland,23697,2096880,0.0113010758841707,Bones Hyland,https://www.basketball-reference.com/players/h/hylanbo01.html
1626172,Kevon Looney,58454,5178572,0.0112876677199814,Kevon Looney,https://www.basketball-reference.com/players/l/looneke01.html
1630217,Desmond Bane,22937,2033160,0.0112814535009541,Desmond Bane,https://www.basketball-reference.com/players/b/banede01.html
203994,Jusuf Nurkic,134382,12000000,0.0111985,Jusuf Nurkic,https://www.basketball-reference.com/players/n/nurkiju01.html
1630243,Trevelin Queen,3381,303102,0.011154660807253,Trevelin Queen,https://www.basketball-reference.com/players/q/queentr01.html
1630225,Isaiah Todd,16723,1500000,0.0111486666666666,Isaiah Todd,https://www.basketball-reference.com/players/t/toddis01.html
202704,Reggie Jackson,114586,10384500,0.0110343300110741,Reggie Jackson,https://www.basketball-reference.com/players/j/jacksre01.html
1627749,Dejounte Murray,166055,15428880,0.0107626088218976,Dejounte Murray,https://www.basketball-reference.com/players/m/murrade01.html
1630173,Precious Achiuwa,29150,2711280,0.0107513794222654,Precious Achiuwa,https://www.basketball-reference.com/players/a/achiupr01.html
1630613,Duane Washington Jr,4938,462629,0.0106737796376794,Duane Washington Jr.,https://www.basketball-reference.com/players/w/washidu02.html
203493,Reggie Bullock,100471,9536000,0.0105359689597315,Reggie Bullock,https://www.basketball-reference.com/players/b/bullore01.html
1629634,Brandon Clarke,28566,2726880,0.0104757085020242,Brandon Clarke,https://www.basketball-reference.com/players/c/clarkbr01.html
1630231,Kenyon Martin Jr,15757,1517981,0.0103802353257385,Kenyon Martin Jr.,https://www.basketball-reference.com/players/m/martike01.html
1630551,Justin Champagnie,4799,462629,0.0103733229002072,Justin Champagnie,https://www.basketball-reference.com/players/c/champju01.html
1628408,PJ Dozier,19806,1910860,0.0103649665595595,P.J. Dozier,https://www.basketball-reference.com/players/d/doziepj01.html
1629676,Isaiah Roby,18380,1782621,0.0103106605386114,Isaiah Roby,https://www.basketball-reference.com/players/r/robyis01.html
1628368,DeAaron Fox,285469,28103500,0.0101577739427473,De'Aaron Fox,https://www.basketball-reference.com/players/f/foxde01.html
1629028,Deandre Ayton,127731,12632950,0.0101109400417163,Deandre Ayton,https://www.basketball-reference.com/players/a/aytonde01.html
1626179,Terry Rozier,180365,17905263,0.0100732952093471,Terry Rozier,https://www.basketball-reference.com/players/r/roziete01.html
201949,James Johnson,26405,2641691,0.009995491524179,James Johnson,https://www.basketball-reference.com/players/j/johnsja01.html
203926,Doug McDermott,137105,13750000,0.0099712727272727,Doug McDermott,https://www.basketball-reference.com/players/m/mcderdo01.html
1629619,Myles Powell,2987,300443,0.0099419856678305,Myles Powell,https://www.basketball-reference.com/players/p/powelmy01.html
1628778,Paul Watson,4592,462629,0.0099258801328926,Paul Watson,https://www.basketball-reference.com/players/w/watsopa01.html
202694,Marcus Morris Sr,154314,15627907,0.0098742589138775,Marcus Morris Sr.,https://www.basketball-reference.com/players/m/morrima03.html
1628432,Davon Reed,5210,532398,0.0097859120432458,Davon Reed,https://www.basketball-reference.com/players/r/reedda01.html
1630209,Omer Yurtseven,14467,1489065,0.0097154926077773,Omer Yurtseven,https://www.basketball-reference.com/players/y/yurtsom01.html
1629013,Landry Shamet,35859,3768342,0.0095158560449131,Landry Shamet,https://www.basketball-reference.com/players/s/shamela01.html
1630162,Anthony Edwards,97438,10245480,0.0095103401695186,Anthony Edwards,https://www.basketball-reference.com/players/e/edwaran01.html
1627832,Fred VanVleet,183342,19675926,0.0093180874943319,Fred VanVleet,https://www.basketball-reference.com/players/v/vanvlfr01.html
1630625,Dalano Banton,8605,925258,0.0093001087264308,Dalano Banton,https://www.basketball-reference.com/players/b/bantoda01.html
1627846,Abdel Nader,18530,2000000,0.009265,Abdel Nader,https://www.basketball-reference.com/players/n/naderab01.html
1628989,Kevin Huerter,39322,4253357,0.0092449328847778,Kevin Huerter,https://www.basketball-reference.com/players/h/huertke01.html
1629731,Dean Wade,16352,1782621,0.0091730098545905,Dean Wade,https://www.basketball-reference.com/players/w/wadede01.html
1630219,Skylar Mays,4147,462629,0.0089639862611293,Skylar Mays,https://www.basketball-reference.com/players/m/mayssk01.html
1627750,Jamal Murray,264048,29467800,0.0089605603404393,Jamal Murray,https://www.basketball-reference.com/players/m/murraja01.html
203486,Mason Plumlee,82723,9248333,0.0089446389960223,Mason Plumlee,https://www.basketball-reference.com/players/p/plumlma01.html
203503,Tony Snell,21332,2389641,0.0089268639096835,Tony Snell,https://www.basketball-reference.com/players/s/snellto01.html
1629681,Killian Tillie,9318,1052534,0.0088529206657457,Killian Tillie,https://www.basketball-reference.com/players/t/tilliki02.html
1629647,Darius Bazley,21849,2513040,0.0086942507878903,Darius Bazley,https://www.basketball-reference.com/players/b/bazleda01.html
1629659,Talen Horton-Tucker,81811,9500000,0.0086116842105263,Talen Horton-Tucker,https://www.basketball-reference.com/players/h/hortota01.html
1630586,Usman Garuba,20089,2353320,0.0085364506314483,Usman Garuba,https://www.basketball-reference.com/players/g/garubus01.html
1630552,Jalen Johnson,22704,2659680,0.0085363652770258,Jalen Johnson,https://www.basketball-reference.com/players/j/johnsja05.html
1630167,Obi Toppin,42579,5105160,0.0083403850222128,Obi Toppin,https://www.basketball-reference.com/players/t/toppiob01.html
1629660,Ty Jerome,19866,2412840,0.0082334510369523,Ty Jerome,https://www.basketball-reference.com/players/j/jeromty01.html
203484,Kentavious Caldwell-Pope,106788,13038862,0.0081899785426059,Kentavious Caldwell-Pope,https://www.basketball-reference.com/players/c/caldwke01.html
203496,Robert Covington,106053,12975471,0.0081733449213519,Robert Covington,https://www.basketball-reference.com/players/c/covinro01.html
1630182,Josh Green,24160,2957520,0.0081690064648759,Josh Green,https://www.basketball-reference.com/players/g/greenjo02.html
1630233,Nathan Knight,3779,462629,0.0081685324525699,Nathan Knight,https://www.basketball-reference.com/players/k/knighna01.html
1628963,Marvin Bagley III,92338,11312114,0.008162753663904,Marvin Bagley III,https://www.basketball-reference.com/players/b/baglema01.html
1630541,Moses Moody,28930,3562200,0.0081213856605468,Moses Moody,https://www.basketball-reference.com/players/m/moodymo01.html
1629014,Anfernee Simons,31570,3938818,0.008015094883795,Anfernee Simons,https://www.basketball-reference.com/players/s/simonan01.html
1628969,Mikal Bridges,44320,5557725,0.0079744859632313,Mikal Bridges,https://www.basketball-reference.com/players/b/bridgmi01.html
1630581,Josh Giddey,47257,5988000,0.0078919505678022,Josh Giddey,https://www.basketball-reference.com/players/g/giddejo01.html
1629012,Collin Sexton,50007,6349671,0.0078755261493075,Collin Sexton,https://www.basketball-reference.com/players/s/sextoco01.html
1630595,Cade Cunningham,78911,10050120,0.0078517470438163,Cade Cunningham,https://www.basketball-reference.com/players/c/cunnica01.html
1629052,Oshae Brissett,13286,1701593,0.0078079775833586,Oshae Brissett,https://www.basketball-reference.com/players/b/brissos01.html
1630529,Herbert Jones,13169,1700000,0.0077464705882352,Herbert Jones,https://www.basketball-reference.com/players/j/joneshe01.html
1628976,Wendell Carter Jr,53150,6920027,0.0076806058704684,Wendell Carter Jr.,https://www.basketball-reference.com/players/c/cartewe01.html
1629134,Kendrick Nunn,38294,5000000,0.0076588,Kendrick Nunn,https://www.basketball-reference.com/players/n/nunnke01.html
1629718,Charlie Brown Jr,3248,431151,0.0075333235919666,Charlie Brown Jr.,https://www.basketball-reference.com/players/b/brownch02.html
1628389,Bam Adebayo,206216,28103500,0.0073377337342323,Bam Adebayo,https://www.basketball-reference.com/players/a/adebaba01.html
1630612,RJ Nembhard Jr,3369,462629,0.0072822931549902,RJ Nembhard Jr.,https://www.basketball-reference.com/players/n/nembhrj01.html
204456,TJ McConnell,54464,7500000,0.0072618666666666,T.J. McConnell,https://www.basketball-reference.com/players//m/mccontj01.html
1629651,Nic Claxton,12921,1782621,0.0072483158226005,Nic Claxton,https://www.basketball-reference.com/players/c/claxtni01.html
1628379,Luke Kennard,91035,12727273,0.0071527498467267,Luke Kennard,https://www.basketball-reference.com/players/k/kennalu01.html
1628402,Frank Jackson,21227,3000000,0.0070756666666666,Frank Jackson,https://www.basketball-reference.com/players/j/jacksfr01.html
1629685,Dylan Windler,15697,2239200,0.0070100928903179,Dylan Windler,https://www.basketball-reference.com/players/w/windldy01.html
1628975,Jevon Carter,25554,3650000,0.0070010958904109,Jevon Carter,https://www.basketball-reference.com/players/c/carteje01.html
1630186,Jahmius Ramsey,10574,1517981,0.0069658315881424,Jahmi'us Ramsey,https://www.basketball-reference.com/players/r/ramseja01.html
1630227,Daishen Nix,3215,462629,0.0069494130285822,Daishen Nix,https://www.basketball-reference.com/players/n/nixda01.html
202699,Tobias Harris,245733,35995950,0.0068266846686918,Tobias Harris,https://www.basketball-reference.com/players/h/harrito02.html
1630195,Leandro Bolmaro,16053,2353320,0.0068214267502932,Leandro Bolmaro,https://www.basketball-reference.com/players/b/bolmale01.html
1630190,Elijah Hughes,10292,1517981,0.0067800585119313,Elijah Hughes,https://www.basketball-reference.com/players/h/hugheel01.html
1630591,Jalen Suggs,44669,6592920,0.0067752983503515,Jalen Suggs,https://www.basketball-reference.com/players/s/suggsja01.html
1629635,Sekou Doumbouya,26375,3908141,0.0067487329653663,Sekou Doumbouya,https://www.basketball-reference.com/players/d/doumbse01.html
1628374,Lauri Markkanen,105890,15690909,0.006748493665982,Lauri Markkanen,https://www.basketball-reference.com/players/m/markkla01.html
1626196,Josh Richardson,78310,11615328,0.006741953391243,Josh Richardson,https://www.basketball-reference.com/players/r/richajo01.html
1630531,Jaden Springer,13601,2023680,0.0067209242567994,Jaden Springer,https://www.basketball-reference.com/players/s/sprinja01.html
202696,Nikola Vucevic,160385,24000000,0.0066827083333333,Nikola Vucevic,https://www.basketball-reference.com/players/v/vucevni01.html
1630164,James Wiseman,60813,9166800,0.0066340489592878,James Wiseman,https://www.basketball-reference.com/players/w/wisemja01.html
1629636,Darius Garland,46421,7040880,0.0065930679119655,Darius Garland,https://www.basketball-reference.com/players/g/garlada01.html
203915,Spencer Dinwiddie,112939,17142857,0.0065881083882342,Spencer Dinwiddie,https://www.basketball-reference.com/players/d/dinwisp01.html
203482,Kelly Olynyk,79079,12195122,0.006484477974062,Kelly Olynyk,https://www.basketball-reference.com/players/o/olynyke01.html
1627823,Juancho Hernangomez,44786,6907815,0.0064833815034131,Juancho Hernangomez,https://www.basketball-reference.com/players/h/hernaju01.html
1629717,Armoni Brooks,9638,1489065,0.0064725179894766,Armoni Brooks,https://www.basketball-reference.com/players/b/brookar01.html
1628966,Keita Bates-Diop,11094,1729217,0.006415620480252,Keita Bates-Diop,https://www.basketball-reference.com/players/b/bateske01.html
1628371,Jonathan Isaac,109930,17400000,0.006317816091954,Jonathan Isaac,https://www.basketball-reference.com/players/i/isaacjo01.html
1629006,Josh Okogie,25729,4087904,0.0062939344955263,Josh Okogie,https://www.basketball-reference.com/players/o/okogijo01.html
1630174,Aaron Nesmith,22849,3631200,0.0062924102225159,Aaron Nesmith,https://www.basketball-reference.com/players/n/nesmiaa01.html
1628464,Daniel Theis,51870,8280351,0.0062642272048612,Daniel Theis,https://www.basketball-reference.com/players/t/theisda01.html
1626167,Myles Turner,111832,18000000,0.0062128888888888,Myles Turner,https://www.basketball-reference.com/players/t/turnemy01.html
1630201,Malachi Flynn,12638,2048040,0.0061707779144938,Malachi Flynn,https://www.basketball-reference.com/players/f/flynnma01.html
1630543,Isaiah Jackson,14924,2451240,0.0060883471222728,Isaiah Jackson,https://www.basketball-reference.com/players/j/jacksis01.html
1627741,Buddy Hield,136671,23073234,0.0059233569078352,Buddy Hield,https://www.basketball-reference.com/players/h/hieldbu01.html
1629002,Chimezie Metu,10436,1762796,0.0059201405040628,Chimezie Metu,https://www.basketball-reference.com/players/m/metuch01.html
201950,Jrue Holiday,186729,32431333,0.0057576726803058,Jrue Holiday,https://www.basketball-reference.com/players/h/holidjr01.html
202692,Alec Burks,54702,9536000,0.0057363674496644,Alec Burks,https://www.basketball-reference.com/players/b/burksal01.html
1630567,Scottie Barnes,41122,7280400,0.0056483160265919,Scottie Barnes,https://www.basketball-reference.com/players/b/barnesc01.html
1629726,Garrison Mathews,7030,1247809,0.0056338750561985,Garrison Mathews,https://www.basketball-reference.com/players/m/mathega01.html
1630191,Isaiah Stewart,18108,3277080,0.0055256508843238,Isaiah Stewart,https://www.basketball-reference.com/players/s/stewais01.html
1626166,Cameron Payne,35871,6500000,0.0055186153846153,Cameron Payne,https://www.basketball-reference.com/players/p/payneca01.html
1626220,Royce ONeale,48090,8800000,0.0054647727272727,Royce O'Neale,https://www.basketball-reference.com/players/o/onealro01.html
203937,Kyle Anderson,54278,9937150,0.0054621294838057,Kyle Anderson,https://www.basketball-reference.com/players/a/anderky01.html
202066,Garrett Temple,26406,4910000,0.0053780040733197,Garrett Temple,https://www.basketball-reference.com/players/t/templga01.html
1629633,Jarrett Culver,34068,6395160,0.0053271536599553,Jarrett Culver,https://www.basketball-reference.com/players/c/culveja01.html
1630179,Tyrell Terry,9858,1869438,0.0052732425466905,Tyrell Terry,https://www.basketball-reference.com/players/t/terryty01.html
1630560,Cam Thomas,10724,2036280,0.0052664663012945,Cam Thomas,https://www.basketball-reference.com/players/t/thomaca02.html
1630228,Jonathan Kuminga,28783,5466360,0.0052654783073196,Jonathan Kuminga,https://www.basketball-reference.com/players/k/kuminjo01.html
1630544,Tre Mann,15229,2901240,0.0052491348526836,Tre Mann,https://www.basketball-reference.com/players/m/manntr01.html
1629646,Charles Bassey,4792,925258,0.0051790959926852,Charles Bassey,https://www.basketball-reference.com/players/b/bassech01.html
1628964,Mo Bamba,38602,7568743,0.0051001863849783,Mo Bamba,https://www.basketball-reference.com/players/b/bambamo01.html
1629067,Isaac Bonga,8725,1729217,0.0050456362619613,Isaac Bonga,https://www.basketball-reference.com/players/b/bongais01.html
1629216,Gabe Vincent,8415,1669178,0.0050414036130358,Gabe Vincent,https://www.basketball-reference.com/players/v/vincega01.html
1630171,Isaac Okoro,33586,6720720,0.0049973812329631,Isaac Okoro,https://www.basketball-reference.com/players/o/okorois01.html
203991,Clint Capela,92303,18603448,0.0049616071171322,Clint Capela,https://www.basketball-reference.com/players/c/capelca01.html
203200,Justin Holiday,29535,6006420,0.0049172385547464,Justin Holiday,https://www.basketball-reference.com/players/h/holidju01.html
1629018,Gary Trent Jr,78144,16000000,0.004884,Gary Trent Jr.,https://www.basketball-reference.com/players/t/trentga02.html
1630168,Onyeka Okongwu,29727,6104280,0.0048698618018832,Onyeka Okongwu,https://www.basketball-reference.com/players/o/okongon01.html
1629833,Keljin Blevins,2243,462629,0.0048483774255396,Keljin Blevins,https://www.basketball-reference.com/players/b/blevike01.html
1630183,Jaden McDaniels,9913,2063280,0.004804486061029,Jaden McDaniels,https://www.basketball-reference.com/players/m/mcdanja02.html
1626181,Norman Powell,73516,15517242,0.0047376975882698,Norman Powell,https://www.basketball-reference.com/players/p/powelno01.html
1630218,Robert Woodard II,7177,1517981,0.0047279906665498,Robert Woodard II,https://www.basketball-reference.com/players/w/woodaro01.html
1629643,Chuma Okeke,15218,3277080,0.0046437682326949,Chuma Okeke,https://www.basketball-reference.com/players/o/okekech01.html
201152,Thaddeus Young,65515,14190000,0.0046169837914023,Thaddeus Young,https://www.basketball-reference.com/players/y/youngth01.html
1627854,Bryn Forbes,20775,4500000,0.0046166666666666,Bryn Forbes,https://www.basketball-reference.com/players/f/forbebr01.html
1628972,Troy Brown Jr,23443,5170564,0.0045339347893189,Troy Brown Jr.,https://www.basketball-reference.com/players/b/browntr01.html
203087,Jeremy Lamb,47197,10500000,0.0044949523809523,Jeremy Lamb,https://www.basketball-reference.com/players/l/lambje01.html
1629669,Jaylen Nowell,8008,1782621,0.0044922616753645,Jaylen Nowell,https://www.basketball-reference.com/players/n/nowelja01.html
203458,Alex Len,16714,3732000,0.0044785637727759,Alex Len,https://www.basketball-reference.com/players/l/lenal01.html
1630556,Kessler Edwards,2050,462629,0.0044311964878985,Kessler Edwards,https://www.basketball-reference.com/players/e/edwarke02.html
1630533,Ziaire Williams,19311,4373040,0.0044159211898359,Ziaire Williams,https://www.basketball-reference.com/players/w/willizi02.html
1628380,Zach Collins,30776,7000000,0.0043965714285714,Zach Collins,https://www.basketball-reference.com/players/c/colliza01.html
1630558,Davion Mitchell,19977,4603200,0.0043398070907195,Davion Mitchell,https://www.basketball-reference.com/players/m/mitchda01.html
1627774,Jake Layman,17049,3940184,0.0043269552893976,Jake Layman,https://www.basketball-reference.com/players/l/laymaja01.html
1627783,Pascal Siakam,142233,33003936,0.0043095768941013,Pascal Siakam,https://www.basketball-reference.com/players/s/siakapa01.html
1629056,Terence Davis,17058,4000000,0.0042645,Terence Davis,https://www.basketball-reference.com/players/d/daviste02.html
1630205,Lamar Stevens,6375,1517981,0.0041996573079636,Lamar Stevens,https://www.basketball-reference.com/players/s/stevela01.html
1629638,Nickeil Alexander-Walker,13645,3261480,0.004183683481119,Nickeil Alexander-Walker,https://www.basketball-reference.com/players/a/alexani01.html
1630678,Terry Taylor,1405,342984,0.0040964009982972,Terry Taylor,https://www.basketball-reference.com/players/t/taylote01.html
203585,Rodney McGruder,7943,1939350,0.0040957021682522,Rodney McGruder,https://www.basketball-reference.com/players/m/mcgruro01.html
1630596,Evan Mobley,33008,8075160,0.0040875970259412,Evan Mobley,https://www.basketball-reference.com/players/m/mobleev01.html
203933,TJ Warren,52677,12940000,0.0040708655332302,T.J. Warren,https://www.basketball-reference.com/players/w/warretj01.html
1628962,Udoka Azubuike,8289,2075880,0.0039930053760332,Udoka Azubuike,https://www.basketball-reference.com/players/a/azubuud01.html
1629675,Naz Reid,7055,1782621,0.0039576556093527,Naz Reid,https://www.basketball-reference.com/players/r/reidna01.html
1627863,Danuel House Jr,17089,4339828,0.0039377136605413,Danuel House Jr.,https://www.basketball-reference.com/players/h/houseda01.html
1630537,Chris Duarte,14745,3749400,0.0039326292206753,Chris Duarte,https://www.basketball-reference.com/players/d/duartch01.html
1628449,Chris Boucher,27595,7020000,0.0039309116809116,Chris Boucher,https://www.basketball-reference.com/players/b/bouchch01.html
1629604,CJ Elleby,5933,1517981,0.0039084810679448,CJ Elleby,https://www.basketball-reference.com/players/e/ellebcj01.html
1630526,Jeremiah Robinson-Earl,7790,2000000,0.003895,Jeremiah Robinson-Earl,https://www.basketball-reference.com/players/r/robinje02.html
1626153,Delon Wright,33209,8526316,0.0038948826198794,Delon Wright,https://www.basketball-reference.com/players/w/wrighde01.html
1626174,Christian Wood,52377,13666667,0.0038324633211594,Christian Wood,https://www.basketball-reference.com/players/w/woodch01.html
203967,Dario Saric,32588,8510000,0.0038293772032902,Dario Saric,https://www.basketball-reference.com/players/s/saricda01.html
1627827,Dorian Finney-Smith,15096,4000000,0.003774,Dorian Finney-Smith,https://www.basketball-reference.com/players/f/finnedo01.html
1629083,Arnoldas Kulboka,1740,462629,0.0037611131165577,Arnoldas Kulboka,https://www.basketball-reference.com/players/k/kulboar01.html
1630553,Keon Johnson,9601,2553240,0.0037603202205824,Keon Johnson,https://www.basketball-reference.com/players/j/johnske07.html
1628418,Thomas Bryant,32201,8666667,0.0037154998570961,Thomas Bryant,https://www.basketball-reference.com/players/b/bryanth01.html
1630550,JT Thor,4528,1250000,0.0036224,JT Thor,https://www.basketball-reference.com/players/t/thorjt01.html
1630691,Jamorko Pickett,1664,462629,0.0035968346126161,Jamorko Pickett,https://www.basketball-reference.com/players/p/pickeja01.html
1630172,Patrick Williams,26396,7422000,0.0035564537860414,Patrick Williams,https://www.basketball-reference.com/players/w/willipa01.html
1630250,Marko Simonovic,3225,925258,0.003485514310603,Marko Simonovic,https://www.basketball-reference.com/players/s/simonma01.html
1628392,Isaiah Hartenstein,5969,1729217,0.0034518513292432,Isaiah Hartenstein,https://www.basketball-reference.com/players/h/harteis01.html
1628384,OG Anunoby,54965,16071429,0.0034200443532432,OG Anunoby,https://www.basketball-reference.com/players/a/anunoog01.html
1626158,Richaun Holmes,35485,10384500,0.0034171120419856,Richaun Holmes,https://www.basketball-reference.com/players/h/holmeri01.html
1627884,Derrick Jones Jr,32775,9720900,0.0033716013949325,Derrick Jones Jr.,https://www.basketball-reference.com/players/j/jonesde02.html
1630170,Devin Vassell,14183,4235160,0.0033488699364368,Devin Vassell,https://www.basketball-reference.com/players/v/vassede01.html
1629162,Jordan McLaughlin,6633,2000000,0.0033165,Jordan McLaughlin,https://www.basketball-reference.com/players/m/mclaujo01.html
203473,Dewayne Dedmon,17408,5256308,0.0033118302808739,Dewayne Dedmon,https://www.basketball-reference.com/players/d/dedmode01.html
1628998,Cody Martin,5800,1782621,0.0032536360785607,Cody Martin,https://www.basketball-reference.com/players/m/martico01.html
1630192,Zeke Nnaji,8104,2498760,0.0032432086314812,Zeke Nnaji,https://www.basketball-reference.com/players/n/nnajize01.html
1628978,Donte DiVincenzo,14857,4675830,0.0031774037978284,Donte DiVincenzo,https://www.basketball-reference.com/players/d/divindo01.html
203914,Gary Harris,65182,20932143,0.0031139668785943,Gary Harris,https://www.basketball-reference.com/players/h/harriga01.html
1630547,James Bouknight,12930,4154400,0.0031123627960716,James Bouknight,https://www.basketball-reference.com/players/b/bouknja01.html
1630557,Corey Kispert,10497,3383640,0.003102280384438,Corey Kispert,https://www.basketball-reference.com/players/k/kispeco01.html
1629677,Luka Samanic,10358,3421709,0.0030271422847471,Luka Samanic,https://www.basketball-reference.com/players/s/samanlu01.html
1629637,Jaxson Hayes,16107,5348280,0.0030116224281451,Jaxson Hayes,https://www.basketball-reference.com/players/h/hayesja02.html
1628984,Devonte Graham,32927,11000000,0.0029933636363636,Devonte' Graham,https://www.basketball-reference.com/players/g/grahade01.html
1630165,Killian Hayes,16610,5572680,0.0029806125598455,Killian Hayes,https://www.basketball-reference.com/players/h/hayeski01.html
203115,Will Barton,46397,15625000,0.002969408,Will Barton,https://www.basketball-reference.com/players/b/bartowi01.html
1627747,Caris LeVert,51937,17500000,0.0029678285714285,Caris LeVert,https://www.basketball-reference.com/players/l/leverca01.html
1629130,Duncan Robinson,46180,15650000,0.0029507987220447,Duncan Robinson,https://www.basketball-reference.com/players/r/robindu01.html
203114,Khris Middleton,104505,35500000,0.0029438028169014,Khris Middleton,https://www.basketball-reference.com/players/m/middlkh01.html
1629234,Drew Eubanks,5058,1762796,0.0028693053535406,Drew Eubanks,https://www.basketball-reference.com/players/e/eubandr01.html
1628386,Jarrett Allen,56722,20000000,0.0028361,Jarrett Allen,https://www.basketball-reference.com/players/a/allenja01.html
1630583,Santi Aldama,5638,1994520,0.0028267452820728,Santi Aldama,https://www.basketball-reference.com/players/a/aldamsa01.html
1630197,Aleksej Pokusevski,8678,3113160,0.0027875213609323,Aleksej Pokusevski,https://www.basketball-reference.com/players/p/pokusal01.html
1630549,DayRon Sharpe,5478,2009160,0.0027265125724183,Day'Ron Sharpe,https://www.basketball-reference.com/players/s/sharpda01.html
1630188,Jalen Smith,12142,4458000,0.0027236428891879,Jalen Smith,https://www.basketball-reference.com/players/s/smithja04.html
203924,Jerami Grant,51514,20002500,0.0025753780777402,Jerami Grant,https://www.basketball-reference.com/players/g/grantje01.html
1630563,Joshua Primo,10032,3946800,0.0025418060200668,Joshua Primo,https://www.basketball-reference.com/players/p/primojo01.html
1627734,Domantas Sabonis,46460,18500000,0.0025113513513513,Domantas Sabonis,https://www.basketball-reference.com/players/s/sabondo01.html
1628971,Bruce Brown,11739,4736102,0.0024786206040325,Bruce Brown,https://www.basketball-reference.com/players/b/brownbr01.html
1630539,Kai Jones,6720,2770560,0.0024255024255024,Kai Jones,https://www.basketball-reference.com/players/j/joneska01.html
1628425,Sterling Brown,7240,3000000,0.0024133333333333,Sterling Brown,https://www.basketball-reference.com/players/b/brownst02.html
1628420,Monte Morris,20246,8449074,0.0023962389251177,Monte Morris,https://www.basketball-reference.com/players/m/morrimo01.html
1628470,Torrey Craig,11369,4878049,0.0023306448951209,Torrey Craig,https://www.basketball-reference.com/players/c/craigto01.html
203920,Khem Birch,14680,6350000,0.002311811023622,Khem Birch,https://www.basketball-reference.com/players/b/birchkh01.html
1628021,David Nwaba,10706,4650000,0.0023023655913978,David Nwaba,https://www.basketball-reference.com/players/n/nwabada01.html
1630249,Vit Krejci,2077,925258,0.0022447792939915,Vit Krejci,https://www.basketball-reference.com/players/k/krejcvi01.html
1628415,Dillon Brooks,27245,12200000,0.0022331967213114,Dillon Brooks,https://www.basketball-reference.com/players/b/brookdi01.html
203210,JaMychal Green,17653,8200000,0.0021528048780487,JaMychal Green,https://www.basketball-reference.com/players/g/greenja01.html
1628427,Vlatko Cancar,3691,1782621,0.0020705466837875,Vlatko Cancar,https://www.basketball-reference.com/players/c/cancavl01.html
1630530,Trey Murphy III,6195,3053760,0.0020286466519962,Trey Murphy III,https://www.basketball-reference.com/players/m/murphtr02.html
1630532,Franz Wagner,9749,5007840,0.0019467474999201,Franz Wagner,https://www.basketball-reference.com/players/w/wagnefr01.html
1629667,Jalen McDaniels,3435,1782621,0.0019269379189407,Jalen McDaniels,https://www.basketball-reference.com/players/m/mcdanja01.html
203107,Tomas Satoransky,19239,10000000,0.0019239,Tomas Satoransky,https://www.basketball-reference.com/players/s/satorto01.html
1629631,DeAndre Hunter,14568,7775400,0.0018736013581294,De'Andre Hunter,https://www.basketball-reference.com/players/h/huntede01.html
1629644,KZ Okpala,3318,1782621,0.0018613042256318,KZ Okpala,https://www.basketball-reference.com/players/o/okpalkz01.html
1628467,Maxi Kleber,15826,8825000,0.001793314447592,Maxi Kleber,https://www.basketball-reference.com/players/k/klebima01.html
1628401,Derrick White,26543,15678571,0.0016929476544769,Derrick White,https://www.basketball-reference.com/players/w/whitede01.html
1629723,John Konchar,3387,2200000,0.0015395454545454,John Konchar,https://www.basketball-reference.com/players/k/konchjo01.html
203939,Dwight Powell,16115,11080125,0.0014544059746618,Dwight Powell,https://www.basketball-reference.com/players/p/poweldw01.html
1628381,John Collins,33239,23000000,0.0014451739130434,John Collins,https://www.basketball-reference.com/players/c/collijo01.html
1629026,Kenrich Williams,2889,2000000,0.0014445,Kenrich Williams,https://www.basketball-reference.com/players/w/willike04.html
202340,Avery Bradley,3547,2641691,0.0013427005656604,Avery Bradley,https://www.basketball-reference.com/players/b/bradlav01.html
202711,Bojan Bogdanovic,25005,18700000,0.001337165775401,Bojan Bogdanovic,https://www.basketball-reference.com/players/b/bogdabo02.html
1630240,Saben Lee,1936,1489065,0.0013001447216877,Saben Lee,https://www.basketball-reference.com/players/l/leesa01.html
1629001,DeAnthony Melton,10633,8805976,0.0012074754689315,De'Anthony Melton,https://www.basketball-reference.com/players/m/meltode01.html
202397,Ish Smith,5360,4500000,0.0011911111111111,Ish Smith,https://www.basketball-reference.com/players/s/smithis01.html
1627752,Taurean Prince,14706,13000000,0.0011312307692307,Taurean Prince,https://www.basketball-reference.com/players/p/princta02.html
1630180,Saddiq Bey,2929,2824320,0.0010370637888058,Saddiq Bey,https://www.basketball-reference.com/players/b/beysa01.html
203490,Otto Porter Jr,2289,2389641,0.0009578844688386,Otto Porter Jr.,https://www.basketball-reference.com/players/p/porteot01.html
201571,DJ Augustin,4851,7000000,0.000693,D.J. Augustin,https://www.basketball-reference.com/players/a/augusdj01.html
1627763,Malcolm Brogdon,14743,21700000,0.0006794009216589,Malcolm Brogdon,https://www.basketball-reference.com/players/b/brogdma01.html
1629650,Moses Brown,1076,1701593,0.0006323486286086,Moses Brown,https://www.basketball-reference.com/players/b/brownmo01.html
1629640,Keldon Johnson,1183,2145720,0.0005513300896668,Keldon Johnson,https://www.basketball-reference.com/players/j/johnske04.html
1630230,Naji Marshall,673,1517981,0.0004433520577662,Naji Marshall,https://www.basketball-reference.com/players/m/marshna01.html
1629048,Goga Bitadze,948,3098400,0.0003059643687064,Goga Bitadze,https://www.basketball-reference.com/players/b/bitadgo01.html
1627751,Jakob Poeltl,1654,8750000,0.0001890285714285,Jakob Poeltl,https://www.basketball-reference.com/players/p/poeltja01.html
203501,Tim Hardaway Jr,3550,21306816,0.0001666133503945,Tim Hardaway Jr.,https://www.basketball-reference.com/players/h/hardati01.html
201572,Brook Lopez,1524,13302325,0.0001145664385737,Brook Lopez,https://www.basketball-reference.com/players/l/lopezbr01.html
203999,Nikola Jokic,561,31579390,1.776475099740685e-05,Nikola Jokic,https://www.basketball-reference.com/players/j/jokicni01.html
203471,Dennis Schroder,77,5890000,1.3073005093378608e-05,Dennis Schroder,https://www.basketball-reference.com/players/s/schrode01.html
1629661,Cameron Johnson,0,4437000,0.0,Cameron Johnson,https://www.basketball-reference.com/players/j/johnsca02.html
1630177,Theo Maledon,0,2000000,0.0,Theo Maledon,https://www.basketball-reference.com/players/m/maledth01.html
1629645,Kevin Porter Jr,0,1782621,0.0,Kevin Porter Jr.,https://www.basketball-reference.com/players/p/porteke02.html
1628988,Aaron Holiday,0,3980551,0.0,Aaron Holiday,https://www.basketball-reference.com/players/h/holidaa01.html
203488,Mike Muscala,0,3500000,0.0,Mike Muscala,https://www.basketball-reference.com/players/m/muscami01.html
200782,PJ Tucker,0,7000000,0.0,P.J. Tucker,https://www.basketball-reference.com/players/t/tuckepj01.html
1629622,Max Strus,0,1669178,0.0,Max Strus,https://www.basketball-reference.com/players/s/strusma01.html
1630271,Brodric Thomas,0,462629,0.0,Brodric Thomas,https://www.basketball-reference.com/players/t/thomabr01.html
1630607,Chris Smith,0,462629,0.0,Chris Smith,https://www.basketball-reference.com/players/s/smithch07.html
1627761,DeAndre Bembry,0,1669178,0.0,DeAndre' Bembry,https://www.basketball-reference.com/players/b/bembrde01.html
1630184,Kira Lewis Jr,0,3822240,0.0,Kira Lewis Jr.,https://www.basketball-reference.com/players/l/lewiski01.html
1627736,Malik Beasley,0,14491964,0.0,Malik Beasley,https://www.basketball-reference.com/players/b/beaslma01.html
1630166,Deni Avdija,0,4692840,0.0,Deni Avdija,https://www.basketball-reference.com/players/a/avdijde01.html
1626204,Larry Nance Jr,0,10690909,0.0,Larry Nance Jr.,https://www.basketball-reference.com/players/n/nancela02.html
203925,Joe Harris,0,17357143,0.0,Joe Harris,https://www.basketball-reference.com/players/h/harrijo01.html
1630579,Jericho Sims,0,462629,0.0,Jericho Sims,https://www.basketball-reference.com/players/s/simsje01.html
1630264,Anthony Gill,0,1517981,0.0,Anthony Gill,https://www.basketball-reference.com/players/g/gillan01.html
1629008,Michael Porter Jr,0,5258735,0.0,Michael Porter Jr.,https://www.basketball-reference.com/players/p/portemi01.html
1630559,Austin Reaves,0,925258,0.0,Austin Reaves,https://www.basketball-reference.com/players/r/reaveau01.html
202722,Davis Bertans,0,16000000,0.0,Davis Bertans,https://www.basketball-reference.com/players/b/bertada01.html
1629673,Jordan Poole,0,2161440,0.0,Jordan Poole,https://www.basketball-reference.com/players/p/poolejo01.html
